"","m","lam","phylosig","bz50","bz2.5","bz97.5","lam_interceptsb50","lam_interceptsb2.5","lam_interceptsb97.5","slopelm","Rhat"
"1",5,0.1,0.0356386168680756,4.91741212538493,4.8078506860408,5.02807728843396,0.114201815188642,0.350432181924858,0.0134654939302161,0.999957013027886,1.01025739524429
"2",5,0.5,0.289300160932358,5.00133886012412,4.84694486664279,5.1791380820533,0.382797367702018,0.780096390817997,0.0795909654354374,0.999814814757681,1.01906664169041
"3",5,0.9,0.95665744293035,4.76263116414497,4.53430706988401,4.98498358455652,0.946486985784746,0.994514097972045,0.832394411021594,0.999913358628478,1.00827710498099
"4",10,0.1,6.64521511769195e-05,10.0356751730787,9.89367612853792,10.154070223217,0.154562962958128,0.465458248757133,0.00183524090629199,1.00005558171274,1.01864780593393
"5",10,0.5,0.23861286844801,10.0297053944138,9.89009506525712,10.1698952252967,0.340503095184282,0.638924323671574,0.0659935819455611,0.9999981821777,1.02927678353208
"6",10,0.9,0.89448904525258,10.1463249719328,9.94709753529399,10.3565177049945,0.873743979757804,0.962859165522041,0.675637442468737,0.999970103341305,1.02071514680325
