"","models","slope","slope.sdse","slope.diff","best.slope","Rstruct","Gstruct","brmsphylo","brmsanimal","h2"
"1","M.0",0.706765110546252,0.0693611183342668,0.0432348894537475,0,2.07969918286409,NA,NA,NA,NA
"2","M.1",0.707367588975539,0.0691151996445774,0.0426324110244606,0,2.03893418589833,0.0602791403292363,NA,NA,0.0279192413455343
"3","gls0",0.706560931626465,0.0689692365767998,0.0434390683735354,0,NA,NA,NA,NA,NA
"4","gls1",0.754581435413364,0.0677784637375112,0.00458143541336409,1,NA,NA,NA,NA,NA
"5","gls2",0.706560931626465,0.0689692365767998,0.0434390683735354,0,NA,NA,NA,NA,NA
"6","gls3",0.707565651633563,0.0686869373984456,0.0424343483664366,0,NA,NA,NA,NA,NA
"7","brms.1ranef",0.707279519800209,0.0682859350274442,0.0427204801997914,0,NA,NA,0.291254407589579,NA,0.0493630576800821
"8","brms.2ranef",0.709256522824293,0.0684963818423257,0.0407434771757071,0,NA,NA,0.268987259937395,0.123346817210818,0.0439576623420163
"9","brms.wgc",0.708629815877328,0.0697847115110844,0.0413701841226718,0,NA,NA,0.279220512449423,0.132231006137462,0.0473783670528937
