"","models","slope","slope.sdse","slope.diff","best.slope","Rstruct","Gstruct","brmsphylo","brmsanimal","h2"
"1","M.0",0.757218314463972,0.0895247687908768,0.00721831446397159,0,3.1885144329462,NA,NA,NA,NA
"2","M.1",0.78670851323525,0.076011675338483,0.0367085132352502,0,2.30754944551103,1.9360377133784,NA,NA,0.432650216983564
"3","gls0",0.754370148695388,0.0887278414857811,0.00437014869538799,1,NA,NA,NA,NA,NA
"4","gls1",0.839684431659189,0.0767982102289875,0.0896844316591893,0,NA,NA,NA,NA,NA
"5","gls2",0.754370148695388,0.0887278414857811,0.00437014869538799,1,NA,NA,NA,NA,NA
"6","gls3",0.788051158400429,0.0767621120389404,0.0380511584004287,0,NA,NA,NA,NA,NA
"7","brms.1ranef",0.788974099789178,0.0782540203594941,0.0389740997891781,0,NA,NA,1.44229666448829,NA,0.461403126761214
"8","brms.2ranef",0.789295005894037,0.0758971038292462,0.0392950058940367,0,NA,NA,1.13216916383351,0.408291842911,0.331675645054613
"9","brms.wgc",0.79449784390537,0.077367602511776,0.0444978439053697,0,NA,NA,1.11209500031079,0.446479780705581,0.321276185214462
