"","models","slope","slope.sdse","slope.diff","best.slope","Rstruct","Gstruct","brmsphylo","brmsanimal","h2"
"1","M.0",0.836123583409944,0.0761206931293393,0.086123583409944,0,2.29736479712605,NA,NA,NA,NA
"2","M.1",0.821553448178301,0.0730226087252732,0.0715534481783014,0,2.11987783532454,0.380724431548645,NA,NA,0.145447853804447
"3","gls0",0.836035758796442,0.0753708153606592,0.0860357587964415,0,NA,NA,NA,NA,NA
"4","gls1",0.770708023318236,0.0713192004435739,0.0207080233182362,1,NA,NA,NA,NA,NA
"5","gls2",0.836035758796442,0.0753708153606592,0.0860357587964415,0,NA,NA,NA,NA,NA
"6","gls3",0.821895086868794,0.0730912329958532,0.071895086868794,0,NA,NA,NA,NA,NA
"7","brms.1ranef",0.821508463140209,0.0727944571385199,0.0715084631402088,0,NA,NA,0.639234510661033,NA,0.16608964483834
"8","brms.2ranef",0.823471618347648,0.0741624096086102,0.0734716183476477,0,NA,NA,0.527258721324996,0.227405823005475,0.123677120046542
"9","brms.wgc",0.820083434350502,0.0734725173093212,0.0700834343505018,0,NA,NA,0.532591272565687,0.251538822333301,0.125917670148336
