"","models","slope","slope.sdse","slope.diff","best.slope","Rstruct","Gstruct","brmsphylo","brmsanimal","h2"
"1","M.0",0.713474243081616,0.0781127138477396,0.0365257569183844,0,2.51351263803445,NA,NA,NA,NA
"2","M.1",0.70531363359362,0.0728393117677079,0.0446863664063801,0,2.08252117146506,0.915974957664022,NA,NA,0.289686553195855
"3","gls0",0.713550510882608,0.0782234611468246,0.0364494891173921,0,NA,NA,NA,NA,NA
"4","gls1",0.758728171925428,0.0667614558715047,0.00872817192542819,1,NA,NA,NA,NA,NA
"5","gls2",0.713550510882608,0.0782234611468246,0.0364494891173921,0,NA,NA,NA,NA,NA
"6","gls3",0.707645694123809,0.0726837757092428,0.0423543058761913,0,NA,NA,NA,NA,NA
"7","brms.1ranef",0.708029135510838,0.072804257215718,0.0419708644891615,0,NA,NA,0.987419166063713,NA,0.314756554880034
"8","brms.2ranef",0.70561656962963,0.0730240260019806,0.04438343037037,0,NA,NA,0.938676134600996,0.18625291287367,0.289524195270044
"9","brms.wgc",0.703666822813854,0.0738455148536251,0.0463331771861463,0,NA,NA,0.970570842106583,0.198290910299216,0.301677095444539
